id,title,type,error_category,error_detail,fixed
"1195235883","Mass effect <3","scene","ok","",""
"1237936384","Team Mako","scene","ok","",""
"1290963019","The witcher signs","scene","ok","",""
"1427158512","Drowning in Space","scene","ok","",""
"1442092399","Pixel Cyberpunk Coffee (OfficialBRO)","scene","ok","",""
"1442116244","Pixel Cyberpunk City (OfficialBRO)","scene","ok","",""
"1452862044","Persona 4 Hero Elite","scene","ok","",""
"1485786812","Dota 2 - Rubick","scene","ok","",""
"1493910771","Spaceman","scene","ok","",""
"1594398786","Mass Effect 2 - Audio Reactive","scene","ok","",""
"1634002549","ERROR ( minimalism)","scene","ok","",""
"1720409829","Spider-Man: Into the Spider-Verse falling","scene","ok","",""
"1747496091","Space Owl","scene","ok","",""
"1771683142","Mass Effect","scene","ok","",""
"1798903748","Cyberpunk #5","scene","ok","",""
"1805185726","Crying Cat and friends","scene","ok","",""
"1884951344","Retro Stars","scene","ok","",""
"1989221951","Solo Leveling","scene","ok","",""
"2067939514","Windows Visualizer","scene","script_error","ScriptEngine [evaluate]: TypeError: cannot read property 'multiply' of undefined",""
"2090925569","Apex Legends Loba [4K]","scene","ok","",""
"2093994200","Ryuk Death Note","scene","ok","",""
"2118129539","Persona 4","scene","script_error","ScriptEngine [evaluate]: TypeError: cannot read property 'subtract' of undefined",""
"2128532680","Caitlyn and Vi","scene","ok","",""
"2133118290","🐌 Rick and Morty : Trippy Trip [+Music]","scene","ok","",""
"2134765860","Bunk","scene","ok","",""
"2141720374","Volcanonado (Mass Effect) in 4K","scene","ok","",""
"2179644221","Ittouryodan Cyberpunk","scene","ok","",""
"2210521967","Neon Cyber Skeleton [Audio Responsive]","scene","ok","",""
